"Núcleo","QA NÚCLEO AGRARIO 001"
"Proyecto","QA Flujo Integral SSALFER 2026"
"Generado","8/10/2026, 12:21:30 p.m."
"Afectación","Colectiva · 1.2 ha · QA E2E - Afectación colectiva identificada para pruebas. · Sin revisión COP pendiente"
"Contexto y estado","Colectiva · 1.2 ha · QA E2E - Afectación colectiva identificada para pruebas. · Sin revisión COP pendiente","Superficies y destinos"
"Contexto y estado","Colectiva · 1.2 ha · QA E2E - Afectación colectiva identificada para pruebas. · Sin revisión COP pendiente","Convenios"
"Contexto y estado","Colectiva · 1.2 ha · QA E2E - Afectación colectiva identificada para pruebas. · Sin revisión COP pendiente","Periodo según la fecha de firma del convenio."
"Contexto y estado","Colectiva · 1.2 ha · QA E2E - Afectación colectiva identificada para pruebas. · Sin revisión COP pendiente","Indemnización · En Proceso"
"Contexto y estado","Colectiva · 1.2 ha · QA E2E - Afectación colectiva identificada para pruebas. · Sin revisión COP pendiente","Periodo según la fecha del pago."
"Sección","Origen","Periodo","Unidad","Destino","Superficie (ha)","Acciones"
"Detalle de afectación","Colectiva · 1.2 ha · QA E2E - Afectación colectiva identificada para pruebas. · Sin revisión COP pendiente","Sin fecha registrada","QA-UA-001","Tierras de Uso Común","1.2","Consultar unidad"
"Sección","Origen","Periodo","Convenio","Firma","Mes","Trimestre","Año","Acciones"
"Detalle de afectación","Colectiva · 1.2 ha · QA E2E - Afectación colectiva identificada para pruebas. · Sin revisión COP pendiente","Sin fecha registrada","Cop Original · Consecutivo 1","—","Sin fecha","Sin fecha","Sin fecha","Consultar"
"Sección","Origen","Periodo","Beneficiario","Pago (MXN)","Fecha","Mes","Trimestre","Año"
"Detalle de afectación","Colectiva · 1.2 ha · QA E2E - Afectación colectiva identificada para pruebas. · Sin revisión COP pendiente","2026 · Trimestre 3","QA NÚCLEO AGRARIO 001","275000","28-09-2026","septiembre","3","2026"
"Representación y respaldo","Núcleo","Órganos de representación 1 registros · 1 sin vigencia vencida Abrir"
"Representación y respaldo","Núcleo","Padrones 1 registros · Más reciente: 20-09-2026 Abrir"
"Representación y respaldo","Núcleo","Asambleas 1 registros · 1 convocatorias Abrir"
"Representación y respaldo","Núcleo","Trámites RAN 1 registros Abrir"
"Representación y respaldo","Núcleo","Trámites FIFONAFE 1 registros Abrir"
"Sección","Origen","Periodo","Convenio","Asamblea","Tipo de convenio","Tipo de COP","Destino","Superficie (ha)","Superficie declarada (ha)","Monto del convenio (MXN, no aditivo)","Fecha de firma","Mes","Trimestre","Año","Acciones"
"Destino colectivo","Convenio","Sin fecha registrada","QA NÚCLEO AGRARIO 001 · Colectivo · 1.2 ha · QA E2E - Afectación colectiva identificada para pruebas. · Cop Original · Consecutivo 1","Sin asamblea","Cop Original","ORIGEN","Tuc","1.2","1.2","1000000","—","Sin fecha","Sin fecha","Sin fecha","Consultar convenio"